<?xml version='1.0' encoding='utf-8'?>
<!DOCTYPE hibernate-configuration PUBLIC
    "-//Hibernate/Hibernate Configuration DTD//EN"
    "http://www.hibernate.org/dtd/hibernate-configuration-3.0.dtd">

<hibernate-configuration>
  <session-factory>
    <property name="hibernate.connection.driver_class">com.mysql.jdbc.Driver</property>
    <property name="hibernate.connection.url">jdbc:mysql://localhost:3306/assignment</property>
    <property name="hibernate.connection.username">root</property>
    <property name="hibernate.connection.password">pass@word1</property>
    <property name="hibernate.dialect">org.hibernate.dialect.MySQL5InnoDBDialect</property>
    <property name="hibernate.hbm2ddl.auto">update</property>
    <property name="show_sql">false</property>
    <mapping class="com.cognizant.model.Book"/>
    <mapping class="com.cognizant.model.Subject"/>
  </session-factory>
</hibernate-configuration>