<beans xmlns="http://www.springframework.org/schema/beans"
	xmlns:xsi="http://www.w3.org/2001/XMLSchema-instance"
	xmlns:context="http://www.springframework.org/schema/context"
	xmlns:mongo="http://www.springframework.org/schema/data/mongo"
	xsi:schemaLocation="http://www.springframework.org/schema/context
          http://www.springframework.org/schema/context/spring-context.xsd
          http://www.springframework.org/schema/data/mongo
          http://www.springframework.org/schema/data/mongo/spring-mongo-2.0.xsd
          http://www.springframework.org/schema/beans
          http://www.springframework.org/schema/beans/spring-beans.xsd">

	<context:component-scan base-package="com.fsd.projectmanager"/>
	<context:property-placeholder location ="classpath:config/mongoDbConfig.properties" />
	
	<mongo:mongo-client host="${spring.data.mongodb.host}" port="${spring.data.mongodb.port}"></mongo:mongo-client>
	<mongo:db-factory dbname="${spring.data.mongodb.database}"/>

	<bean id="mongoOperation"
		class="org.springframework.data.mongodb.core.MongoTemplate">
		<constructor-arg name="mongoDbFactory"
			ref="mongoDbFactory" />
	</bean>
	<bean id="userService" class="com.fsd.projectmanager.service.UserServiceImpl"/>
	<bean id="projectService" class="com.fsd.projectmanager.service.ProjectServiceImpl"/>
	<bean id="taskService" class="com.fsd.projectmanager.service.TaskServiceImpl"/>
</beans>