<?xml version="1.0" encoding="UTF-8"?>
<beans xmlns="http://www.springframework.org/schema/beans"
	xmlns:xsi="http://www.w3.org/2001/XMLSchema-instance" xmlns:context="http://www.springframework.org/schema/context"
	xsi:schemaLocation="http://www.springframework.org/schema/beans
    http://www.springframework.org/schema/beans/spring-beans.xsd
    http://www.springframework.org/schema/context
    http://www.springframework.org/schema/context/spring-context.xsd">

	<bean id="subjectService" class="com.cognizant.service.SubjectServiceImpl">
		<property name="subjectRepository" ref="subjectRepository" />
	</bean>
	<bean id="subjectRepository" class="com.cognizant.repository.SubjectRepositoryImpl" >
		<property name="binarySubjectStreamCRUD" ref="binarySubjectStreamCRUD"/>
	</bean>
	<bean id="bookService" class="com.cognizant.service.BookServiceImpl">
		<property name="bookRepository" ref="bookRepository" />
	</bean>
	<bean id="bookRepository" class="com.cognizant.repository.BookRepositoryImpl" >
			<property name="binaryBookStreamCRUD" ref="binaryBookStreamCRUD"/>	
	</bean>
	<bean id="commandLineRunner" class="com.cognizant.CommandLineRunner">
		<property name="subjectService" ref="subjectService" />
		<property name="bookService" ref="bookService" />
	</bean>
	
	<bean id="binaryBookStreamCRUD" class="com.cognizant.datastream.BinaryBookStreamCRUD"/>
	
	<bean id="binarySubjectStreamCRUD" class="com.cognizant.datastream.BinarySubjectStreamCRUD"/>
	
</beans>